<?xml version="1.0" encoding="UTF-8"?>
<project-private xmlns="http://www.netbeans.org/ns/project-private/1">
    <editor-bookmarks xmlns="http://www.netbeans.org/ns/editor-bookmarks/2" lastBookmarkId="0"/>
    <open-files xmlns="http://www.netbeans.org/ns/projectui-open-files/2">
        <group>
            <file>file:/C:/Users/ramze/Desktop/RETOS%20JAVA/Reto3Usa/src/reto3usa/BaseDatosProductos.java</file>
            <file>file:/C:/Users/ramze/Desktop/RETOS%20JAVA/Reto3Usa/src/reto3usa/Principal.java</file>
            <file>file:/C:/Users/ramze/Desktop/RETOS%20JAVA/Reto3Usa/src/reto3usa/Producto.java</file>
            <file>file:/C:/Users/ramze/Desktop/RETOS%20JAVA/Reto3Usa/src/reto3usa/TableModelProducto.java</file>
        </group>
    </open-files>
</project-private>
